абрикосовое варенье;г;консервы
абрикосовое пюре;г;консервы
абрикосовый джем;г;консервы
абрикосовый сок;стакан;соки
абрикосы;г;фрукты
абрикосы консервированные;г;консервы
авокадо;по вкусу;фрукты
агава сироп;г;приправы
агар-агар;г;нет категории
аграм;г;нет категории
аджика;г;приправы
аджика зеленая;г;приправы
айва;по вкусу;фрукты
айвовое пюре;г;консервы
айран;г;молочные продукты
айсинг;г;нет категории
акула стейки;г;морепродукты
алкоголь;стакан;алкогольные напитки
алкоголь крепкий;ст. л.;алкогольные напитки
алыча;г;фрукты
альбухара;шт.;нет категории
альмехи;г;нет категории
амарантовая мука;г;крупы
ананасовый сироп;г;консервы
ананасовый сок;г;соки
ананасы;г;фрукты
ананасы вяленые;г;сухофрукты
ананасы консервированные;по вкусу;консервы
анис;по вкусу;нет категории
анис звездочки;г;нет категории
анисовый ликер;мл;алкогольные напитки
анис семена;г;кондитерка
анчоусы;г;морепродукты
апельсиновая вода;г;напитки
апельсиновая цедра;г;кондитерка
апельсиновая эссенция;ч. л.;кондитерка
апельсиновое варенье;г;консервы
апельсиновые цукаты;г;сухофрукты
апельсиновый джем;г;консервы
апельсиновый джем с имбирем;г;консервы
апельсиновый ликер;г;алкогольные напитки
апельсиновый сироп;стакан;консервы
апельсиновый сок;по вкусу;соки
апельсиновый сок свежевыжатый;г;соки
апельсиновый уксус;ст. л.;приправы
апельсиновый экстракт;ч. л.;вкусовые добавки
апельсины;г;фрукты
апельсины красные;шт.;фрукты
апельсины крупные;шт.;фрукты
арахис;г;орехи
арахис жареный;г;орехи
арахисовая паста;г;консервы
арахисовое масло;г;масла
арахис соленый;г;орехи
арбузная мякоть;г;фрукты
арбузы;г;фрукты
аргановое масло;г;масла
аришта;г;нет категории
ароматизатор;г;вкусовые добавки
"ароматизатор ""ананас""";по вкусу;вкусовые добавки
"ароматизатор ""вишня""";капля;вкусовые добавки
"ароматизатор ""малина""";капля;вкусовые добавки
"ароматизатор ""ром""";г;вкусовые добавки
артишоки;г;овощи
артишоки в масле;г;консервы
артишоки маринованные;г;консервы
аспирин;шт.;медикаменты
ассорти мясное;г;мясо
ассорти овощное;г;овощи
ассорти фруктовое;г;фрукты
ассорти ягодное;г;фрукты
аши;г;нет категории
багет;г;хлебобулочные изделия
багет вчерашний;г;хлебобулочные изделия
багет мини;г;хлебобулочные изделия
бадан;звездочка;нет категории
бадьян;щепотка;приправы
базилик лимонный;г;приправы
базилик свежий;г;зелень
базилик сушеный;г;приправы
базилик тайский;горсть;приправы
базилик фиолетовый;г;зелень
баклажаны;по вкусу;овощи
баклажаны мини;г;овощи
баклажаны тайские;г;овощи
балык;г;мясные изделия
бальзам;г;приправы
бальзамический крем;стакан;приправы
бальзамический соус;ст. л.;приправы
бальзамический уксус;стакан;приправы
бальзам рижский черный;ст. л.;приправы
бамия;г;нет категории
банановое пюре;г;консервы
банановые чипсы;горсть;сухофрукты
банановый зеленый сироп;мл;консервы
банановый ликер;мл;алкогольные напитки
бананы;г;фрукты
бананы мини;г;фрукты
барабулька;г;рыба
бараний ливер;г;мясные изделия
бараний окорок на косточке;кусок;мясо
бараний фарш;г;мясо
баранина;г;мясо
баранки;г;хлебобулочные изделия
бараньи антрекоты;кг;мясо
бараньи голяшки;шт.;мясо
бараньи потроха;кг;мясо
бараньи ребрышки;шт.;мясо
баранья лопатка;кг;мясо
баранья нога;г;мясо
баранья печень;г;мясо
барбарис;г;приправы
барбарис вяленый;ст. л.;приправы
барбарис молотый;г;приправы
бастурма;г;мясные изделия
батат;г;овощи
батон;г;хлебобулочные изделия
батончики шоколадные;г;шоколадные изделия
безе;г;кондитерские изделия
бекон;по вкусу;мясные изделия
бекон варено-копченый;г;мясные изделия
бекон сырокопченый;г;мясные изделия
белорыбица;г;рыба
бирнель;мл;нет категории
бисквик смесь готовая;пакет;кондитерские изделия
бисквит;г;кондитерские изделия
бисквитная крошка;г;кондитерские изделия
бисквитный корж;г;кондитерские изделия
бисквитный рулет;г;кондитерские изделия
бисквит шоколадный;г;кондитерские изделия
бифштекс;шт.;мясо
блинная мука;г;кондитерские изделия
блины готовые;г;кондитерские изделия
блины овсяные;шт.;кондитерские изделия
бобовые ростки;г;зелень
бобы;г;овощи
бобы мунг пророщенные;г;овощи
бобы тонка;шт.;овощи
ботарга;г;нет категории
брезаола;г;нет категории
бренди;г;алкогольные напитки
брокколи замороженная;г;замороженные продукты
брокколи свежая;г;овощи
брусника замороженная;г;фрукты
брусника свежая;г;фрукты
брусника сушеная;г;сухофрукты
брусничное варенье;г;консервы
брусничный соус;г;приправы
брынза;по вкусу;молочные продукты
брынза сербская;г;молочные продукты
брюква;г;овощи
буженина;г;мясные изделия
бузина сироп;ст. л.;консервы
букет гарни;пучок;нет категории
булгур;г;нет категории
булка;кусок;хлебобулочные изделия
булка белая;г;хлебобулочные изделия
булка сдобная;г;хлебобулочные изделия
булочки;г;хлебобулочные изделия
булочки белые черствые;г;хлебобулочные изделия
булочки бриошь;шт.;хлебобулочные изделия
булочки вчерашние;шт.;хлебобулочные изделия
булочки для гамбургеров;шт.;хлебобулочные изделия
булочки зерновые;шт.;хлебобулочные изделия
булочки ржаные;кусок;хлебобулочные изделия
булочки с кунжутом;шт.;хлебобулочные изделия
бульон;г;нет категории
бульонные кубики;г;приправы
бурбон;г;алкогольные напитки
Буррата;г;нет категории
буряк;г;овощи
бусинки кондитерские;ч. л.;кондитерские изделия
бусинки кондитерские серебряные;по вкусу;кондитерские изделия
бычий хвост;г;мясные изделия
ванилин;г;кондитерские изделия
ваниль в стручках;г;кондитерские изделия
ванильная настойка;ст. л.;кондитерские изделия
ванильная эссенция;г;кондитерские изделия
ванильный порошок;г;кондитерские изделия
ванильный сироп;г;консервы
ванильный экстракт;по вкусу;приправы
варенье;г;консервы
васаби;г;приправы
вафельная крошка;г;кондитерские изделия
вафельные коржи;г;кондитерские изделия
вафельные трубочки;г;кондитерские изделия
вафли;г;кондитерские изделия
вафли шоколадные;г;кондитерские изделия
вермишель;г;крупы
вермишель яичная;г;крупы
вермут;г;алкогольные напитки
вермут белый;г;алкогольные напитки
вермут сухой;г;алкогольные напитки
ветчина;г;мясные изделия
ветчина вареная;г;мясные изделия
ветчина варено-копченая;кусок;мясные изделия
ветчина копченая;г;мясные изделия
ветчина пармская;г;мясные изделия
ветчина сырокопченая;г;мясные изделия
вешенки;г;овощи
винегрет;г;готовая кухня
винный камень;щепотка;нет категории
винный уксус;г;приправы
винный уксус белый;г;приправы
винный уксус красный;ч. л.;приправы
винный уксус на чесноке;ч. л.;приправы
винный уксус на эстрагоне;ст. л.;приправы
вино белое;по вкусу;алкогольные напитки
вино белое полусладкое;г;алкогольные напитки
вино белое полусухое;г;алкогольные напитки
вино белое сладкое;г;алкогольные напитки
вино белое столовое;стакан;алкогольные напитки
вино белое сухое;г;алкогольные напитки
виноград;г;фрукты
виноград без косточек;г;фрукты
виноград белый;г;фрукты
виноград изабелла;кг;фрукты
виноградное желе;ст. л.;консервы
виноградные листья;г;овощи
виноградные листья маринованные;г;консервы
виноградные листья молодые;шт.;овощи
виноградный сок;г;соки
виноградный сок осветленный;ч. л.;соки
виноград синий;г;фрукты
виноград черный;г;фрукты
вино десертное;г;алкогольные напитки
вино игристое сухое;г;алкогольные напитки
вино красное;г;алкогольные напитки
вино красное полусладкое;г;алкогольные напитки
вино красное полусухое;г;алкогольные напитки
вино красное сладкое;г;алкогольные напитки
вино красное сухое;г;алкогольные напитки
вино крепленое;г;алкогольные напитки
вино розовое полусладкое;ст. л.;алкогольные напитки
вино розовое полусухое;г;алкогольные напитки
виски;г;алкогольные напитки
витамин C в порошке;г;медикаменты
вишневая настойка;мл;алкогольные напитки
вишневое варенье;г;консервы
вишневые листья;г;зелень
вишневый джем;г;консервы
вишневый ликер;по вкусу;алкогольные напитки
вишневый сироп;стакан;консервы
вишневый сок;г;соки
вишня;г;фрукты
вишня вяленая;г;сухофрукты
вишня замороженная;г;замороженные продукты
вишня засахаренная кондитерская;шт.;кондитерские изделия
вишня коктейльная;г;фрукты
вишня мараскино;шт.;фрукты
вишня протертая с сахаром;г;кондитерские изделия
вода;г;напитки
вода минеральная без газа;стакан;напитки
вода минеральная газированная;г;напитки
водка;г;алкогольные напитки
водка анисовая;ч. л.;алкогольные напитки
водоросли;г;морепродукты
вустерширский соус;г;приправы
галангал корень;долька;овощи
галеты;г;мясные изделия
гамбургер;г;готовая кухня
ганаш;г;нет категории
гарам масала;г;нет категории
гарнир;г;готовая кухня
гаспачо;г;готовая кухня
гастропаб;-;нет категории
гвоздика;г;приправы
гвоздика молотая;по вкусу;приправы
герань листья;г;зелень
геркулес;г;крупы
глазурь;г;кондитерские изделия
глазурь белая;г;кондитерские изделия
глазурь готовая;по вкусу;кондитерские изделия
глазурь черная;по вкусу;кондитерские изделия
глазурь шоколадная белая;г;кондитерские изделия
глутамат натрия;г;вкусовые добавки
глюкоза;г;вкусовые добавки
глюкоза сироп;г;вкусовые добавки
говядина;г;мясо
говядина на кости;г;мясо
говяжий фарш;по вкусу;мясо
говяжий язык;г;мясо
говяжье сердце;по вкусу;мясо
говяжьи бифштексы;г;мясо
говяжьи голяшки;г;мясо
говяжьи легкие;г;мясо
говяжьи ребра;г;мясо
говяжьи стейки рибай;г;мясо
говяжья вырезка;шт.;мясо
говяжья грудинка;кг;мясо
говяжья лопатка;г;мясо
говяжья мозговая кость;шт.;мясо
говяжья мякоть;кг;мясо
говяжья печень;шт.;мясо
говяжья черева;г;мясо
говяжья шейка;кг;мясо
годжи;г;нет категории
голец филе;шт.;рыба
голубика;г;фрукты
голубика замороженная;г;замороженные продукты
голубь;г;птица
горбуша;по вкусу;рыба
горбуша в собственном соку;банка;консервы
горбуша филе;г;рыба
горгонзола;г;молочные продукты
горгонзола пиканте;г;молочные продукты
горох;г;крупы
горох колотый;г;крупы
гороховые ростки;горсть;овощи
гороховый суп;г;готовая кухня
горошек зеленый;г;овощи
горошек зеленый замороженный;г;замороженные продукты
горошек зеленый консервированный;г;консервы
горошек стручковый свежий;г;овощи
горчица;г;приправы
горчица дижонская;г;приправы
горчица дижонская с медом;г;приправы
горчица желтая семена;г;приправы
горчица острая;г;приправы
горчица русская;ст. л.;приправы
горчица семена;г;приправы
горчица с зернами;г;приправы
горчица сухая;г;приправы
горчица французская;г;приправы
горчица цитрусовая;г;приправы
горчичное масло;г;масла
горчичный порошок;г;приправы
грана падано;ст. л.;нет категории
гранатные зерна;г;фрукты
гранатовая паста;ст. л.;консервы
гранатовый сироп;г;консервы
гранатовый сок;г;соки
гранатовый сок свежевыжатый;мл;соки
гранатовый соус;ч. л.;консервы
гранаты;г;фрукты
гранита;г;нет категории
гранола с орехами;г;нет категории
граппа;ч. л.;нет категории
гратен;кг;нет категории
грейпфрутовая цедра;г;кондитерские изделия
грейпфрутовый сок;г;соки
грейпфруты;г;фрукты
грейпфруты розовые;г;фрукты
гренадин;г;фрукты
гренки;г;готовая кухня
грецкие орехи;г;орехи
грецкие орехи рубленые;г;орехи
гречневая крупа;г;крупы
гречневая крупа зеленая;ст. л.;крупы
гречневая лапша соба;г;крупы
гречневая мука;г;крупы
гречневое молоко;стакан;здоровое питание
гречневые хлопья;г;крупы
грибы;г;овощи
грибы белые;г;овощи
грибы белые замороженные;г;замороженные продукты
грибы белые маринованные;г;консервы
грибы белые сухие;г;сухофрукты
грибы замороженные;г;замороженные продукты
грибы замороженные (опята и маслята);г;замороженные продукты
грибы лесные;г;овощи
грибы маринованные;г;консервы
грибы свежие;г;овощи
грибы соленые;г;консервы
грибы соломенные консервированные;шт.;консервы
грибы сухие;г;сухофрукты
грибы шиитаке;г;овощи
грибы шиитаке сухие;г;сухофрукты
гриль;г;приправы
гриссини;г;нет категории
грудинка;г;мясные изделия
грудинка варено-копченая;г;мясные изделия
грудинка копченая;по вкусу;мясные изделия
грушевое пюре;г;консервы
грушевый ликер;мл;алкогольные напитки
грушевый сироп;мл;консервы
грушевый сок;г;соки
грушевый уксус;ст. л.;приправы
груши;по вкусу;фрукты
груши вяленые;г;сухофрукты
грюйер;г;нет категории
гуава;шт.;фрукты
гуанчиале;г;нет категории
гурьевская каша;г;готовая кухня
гусиная грудка копченая;г;мясные изделия
гусиная печень;г;мясо
гусиный жир;ст. л.;мясо
гусь;г;мясо
гусь тушка;кг;мясо
дайкон;г;фрукты
детское питание;г;консервы
джем;г;консервы
джин;г;алкогольные напитки
джусай;г;нет категории
диоксид титана;г;вкусовые добавки
долма;г;готовая кухня
дорада;шт.;рыба
дорада потрошеная с головой;шт.;рыба
дорада с головой;шт.;рыба
дорада тушка;шт.;рыба
драже;г;кондитерские изделия
дрожжи домашние;г;кондитерские изделия
дрожжи свежие;г;кондитерские изделия
дрожжи сухие;по вкусу;кондитерские изделия
дубовая кора;г;приправы
душица;г;приправы
дыня;г;фрукты
ежевика;г;фрукты
ежевика замороженная;г;замороженные продукты
ерш;г;рыба
ёрш-носарь;шт.;рыба
желатин;г;кондитерские изделия
желатин листовой;по вкусу;нет категории
желе;г;нет категории
желе для торта;упаковка;нет категории
желирующее вещество;упаковка;нет категории
желирующий сахар;г;нет категории
женьшень;г;нет категории
жидкий дым;г;нет категории
жимолость;г;нет категории
жир;г;нет категории
жир вытопленный;стакан;нет категории
жир кулинарный;г;нет категории
жир растительный;г;нет категории
заатар;щепотка;нет категории
завтрак сухой;г;нет категории
завтрак сухой подушечки;г;нет категории
загуститель для сливок;г;нет категории
зайчатина;г;нет категории
закваска;пакет;нет категории
закваска вечная;г;нет категории
заменитель сахара;по вкусу;нет категории
заменитель сахара стевия;г;нет категории
заправка для салатов готовая;г;нет категории
зверобой;по вкусу;нет категории
зелень;г;нет категории
зелень рубленая;г;нет категории
земляника;по вкусу;нет категории
земляника замороженная;г;нет категории
зефир;г;нет категории
зира;г;нет категории
злаковые хлопья;г;нет категории
зубатка;г;нет категории
зубатка филе;г;нет категории
изолят соевого протеина;г;нет категории
изюм;г;нет категории
изюм без косточек;г;нет категории
изюм белый;г;нет категории
изюм черный;г;нет категории
икра;г;рыба
икра вяленой рыбы;г;рыба
икра горбуши зернистая;г;рыба
икра красная;г;рыба
икра красной рыбы мелкая;г;рыба
икра летучей рыбы;г;рыба
икра лосося;г;рыба
икра мойвы;г;рыба
икра палтуса;г;рыба
икра судака;г;рыба
икра черная;г;рыба
имбирное варенье;г;консервы
имбирное печенье;по вкусу;нет категории
имбирные цукаты;ст. л.;нет категории
имбирь;г;нет категории
имбирь засахаренный;г;нет категории
имбирь корень;г;нет категории
имбирь маринованный;г;нет категории
имбирь молотый;г;нет категории
индейка;г;птица
индейка голень;г;птица
индейка грудка;г;птица
индейка копченая;г;птица
индейка тушка;шт.;птица
индейка фарш;г;птица
индейка филе;г;птица
индоутка;шт.;птица
индюшачья печень;г;птица
инжир;г;нет категории
инжир свежий;г;нет категории
инжир сушеный;г;нет категории
ирга;г;нет категории
ириски;г;нет категории
итальянские травы;г;нет категории
йогурт;г;нет категории
йогурт греческий;г;нет категории
йогурт жирный;г;нет категории
йогурт козий;г;нет категории
йогурт натуральный;г;нет категории
йогурт нежирный;г;нет категории
йогурт обезжиренный;г;нет категории
йогурт фруктовый;г;нет категории
кабачки;г;нет категории
кабачки замороженные;г;нет категории
кабачки молодые;г;нет категории
каджунская смесь специй;ст. л.;нет категории
какао;горсть;нет категории
какао-бобы;г;нет категории
какао-масло;г;нет категории
какао-порошок;по вкусу;нет категории
какао-порошок обезжиренный;г;нет категории
какао сгущенное;банка;нет категории
калина;по вкусу;нет категории
калина протертая;г;нет категории
калинджи семена;ч. л.;нет категории
кальвадос;г;нет категории
кальмары;г;нет категории
кальмары вареные;г;нет категории
кальмары замороженные;г;нет категории
кальмары консервированные;г;нет категории
кальмары филе;шт.;нет категории
камамбер;упаковка;нет категории
камбала;г;нет категории
камбала филе;г;нет категории
кампари;мл;нет категории
кандурин золотой;ч. л.;нет категории
каннеллони;г;нет категории
капеллини;г;нет категории
каперсы;г;нет категории
каперсы в винном уксусе;г;нет категории
каперсы маринованные;г;нет категории
капуста белокочанная;г;нет категории
капуста брюссельская;г;нет категории
капуста брюссельская замороженная;г;нет категории
капуста кале;г;нет категории
капуста квашеная;по вкусу;нет категории
капуста кольраби;г;нет категории
капуста краснокочанная;г;нет категории
капуста морская;по вкусу;нет категории
капуста морская замороженная;г;нет категории
капуста морская сушеная;г;нет категории
капуста пекинская;г;нет категории
капуста савойская;г;нет категории
капуста цветная;г;нет категории
капуста цветная замороженная;г;нет категории
капустный рассол;г;нет категории
капучино;г;нет категории
каракатица;г;нет категории
каракатица очищенная;г;нет категории
карамбола;г;нет категории
карамель;мл;нет категории
карамельный соус;г;нет категории
карамель с начинкой;г;нет категории
карамель соленая;г;нет категории
карась;г;нет категории
карбонад;г;нет категории
кардамон;г;нет категории
кардамон зерна;ч. л.;нет категории
кардамон молотый;г;нет категории
кардамон стручки;шт.;нет категории
каркаде;г;нет категории
карп;г;рыба
карп зеркальный;кг;рыба
карп филе;кг;рыба
карри;г;приправы
карри листья;г;зелень
карри паста;пакет;консервы
картофель;г;овощи
картофель вареный;г;овощи
картофель вареный в мундире;г;овощи
картофель молодой;г;овощи
картофельное пюре;по вкусу;готовая кухня
картофельные ньокки;г;овощи
картофельные хлопья;г;крупы
картофельные чипсы;г;закуски
картофельный крахмал;г;кондитерские изделия
картофельный отвар;г;нет категории
картофельный хэш замороженный;г;нет категории
картофель печеный;г;нет категории
катык;г;нет категории
каффир-лайм листья;по вкусу;нет категории
каша;г;нет категории
каша для детского питания;г;нет категории
каштановая мука;г;нет категории
каштановый крем;г;нет категории
каштаны;г;нет категории
каштаны вареные;г;нет категории
каштаны консервированные;г;нет категории
каштаны очищенные;г;нет категории
квас;г;напитки
квасное сусло;г;напитки
квасной концентрат сухой;упаковка;напитки
квас хлебный;г;напитки
кедровая мука;г;крупы
кедровые орехи;г;орехи
кедровые орехи жареные;г;орехи
кета;г;рыба
кетчуп острый;по вкусу;соусы
кетчуп томатный;г;соусы
кетчуп тосканский;ст. л.;соусы
кетчуп шашлычный;г;соусы
кефаль;г;рыба
кефир;по вкусу;молочные продукты
кефир 1%;г;молочные продукты
кефир 2.5%;г;молочные продукты
кефир 3.2%;г;молочные продукты
кефир обезжиренный;г;молочные продукты
кешью;г;орехи
кивано;г;нет категории
киви;кг;фрукты
киви желе;г;нет категории
кижуч;г;рыба
кижуч горячего копчения филе;г;рыба
кизил;г;фрукты
килька;г;рыба
кимчи;г;нет категории
кинза свежая;зубчик;нет категории
кинза сушеная;г;нет категории
киноа;г;нет категории
киноа молотая;г;нет категории
кипяток;г;нет категории
кирш;ст. л.;нет категории
кисель;г;нет категории
кисель сухой;г;нет категории
кисломолочный напиток Тан;мл;нет категории
кишки;г;нет категории
клейковина;г;нет категории
клементины;г;фрукты
кленовый сироп;г;консервы
клубника;г;фрукты
клубника в сиропе;г;консервы
клубника замороженная;г;замороженные продукты
клубника протертая с сахаром;г;кондитерские изделия
клубника сушеная;г;сухофрукты
клубничное варенье;г;консервы
клубничное желе;упаковка;консервы
клубничное пюре;г;консервы
клубничный джем;г;консервы
клубничный джем густой;мл;консервы
клубничный компот;стакан;напитки
клубничный ликер;г;алкогольные напитки
клубничный сироп;г;консервы
клюква;г;фрукты
клюква вяленая;г;сухофрукты
клюква замороженная;г;замороженные продукты
клюква протертая с сахаром;г;кондитерские изделия
клюквенное варенье;г;консервы
клюквенный джем;г;консервы
клюквенный морс;ст. л.;напитки
клюквенный сироп;г;консервы
клюквенный соус;г;консервы
козлиная печень;г;мясо
козлятина молодая;кг;мясо
кока-кола;ст. л.;напитки
кокосовая вода;стакан;напитки
кокосовая мука;ст. л.;кондитерские изделия
кокосовая стружка;г;кондитерские изделия
кокосовая стружка цветная;г;кондитерские изделия
кокосовое масло;мл;масла
кокосовое молоко;г;напитки
кокосовые сливки;г;приправы
кокосовый ликер;ст. л.;алкогольные напитки
кокосовый экстракт;г;приправы
кокосы;г;орехи
кола;г;напитки
колбаса;г;мясные изделия
колбаса вареная;г;мясные изделия
колбаса варено-копченая;г;мясные изделия
колбаса копченая;г;мясные изделия
колбаса кровяная;г;мясные изделия
колбаса полукопченая;г;мясные изделия
колбаса сырокопченая;г;мясные изделия
колбаска свиная свежая (salsiccia);шт.;мясные изделия
колбаски;г;мясные изделия
колбаски для жарки;г;мясные изделия
колбаски домашние;шт.;мясные изделия
колбаски охотничьи;г;мясные изделия
колбаски сырокопченые;шт.;мясные изделия
компот;г;напитки
конопляное масло;ст. л.;масла
конопля семена;г;здоровое питание
конфеты;по вкусу;шоколадные изделия
конфеты M&M’s;г;шоколадные изделия
конфеты жевательные лакричные;г;шоколадные изделия
конфеты Коровка;г;шоколадные изделия
конфеты Трюфель;г;шоколадные изделия
конфитюр;по вкусу;кондитерские изделия
конфитюрка;упаковка;нет категории
коньяк;г;нет категории
копчености;г;нет категории
коренья;по вкусу;нет категории
кориандр;г;нет категории
кориандр зелень;г;нет категории
кориандр молотый;г;нет категории
кориандр семена;г;нет категории
коринка;ст. л.;нет категории
корица;г;нет категории
корица молотая;г;нет категории
корнишоны;г;нет категории
корнишоны маринованые;г;нет категории
корюшка;г;нет категории
корюшка горячего копчения;г;нет категории
кости;г;нет категории
кости мозговые;г;нет категории
кость сахарная;г;нет категории
кофе в зернах;стакан;нет категории
кофе зеленый;г;нет категории
кофейные зерна в шоколаде;г;нет категории
кофейный ликер;г;нет категории
кофейный ликер Kahlua;мл;нет категории
кофейный напиток;мл;нет категории
кофейный сироп;г;нет категории
кофейный экстракт;мл;нет категории
кофе молотый;ст. л.;нет категории
кофе растворимый;г;нет категории
кофе свежесваренный;г;нет категории
кофе черный;г;нет категории
кофе эспрессо;стакан;нет категории
крабовое мясо;г;нет категории
крабовые палочки;по вкусу;нет категории
краб снежный;по вкусу;нет категории
крабы;г;нет категории
крапива;г;нет категории
краситель-гель пищевой;шт.;нет категории
краситель пищевой;г;нет категории
краситель пищевой вишневый;щепотка;нет категории
краситель пищевой желтый;г;нет категории
краситель пищевой зеленый;ст. л.;нет категории
краситель пищевой красный;г;нет категории
краситель пищевой оранжевый;г;нет категории
краситель пищевой фиолетовый;г;нет категории
краситель пищевой черный;г;нет категории
красная смородина;г;нет категории
красная смородина протертая с сахаром;ст. л.;нет категории
красноперка;шт.;нет категории
красносмородиновое варенье;г;нет категории
красный винный соус;г;нет категории
крахмал;г;нет категории
креветки;г;морепродукты
креветки замороженные;г;замороженные продукты
креветки королевские;г;морепродукты
креветки очищенные;г;морепродукты
креветки очищенные в рассоле;г;морепродукты
креветки салатные;г;морепродукты
креветки сушеные;г;морепродукты
креветки тигровые;г;морепродукты
крекер;г;нет категории
крекер соленый;г;нет категории
крем заварной;г;нет категории
крем заварной порошковый;г;нет категории
крем-фреш;г;нет категории
кресс-салат;г;нет категории
кровь;мл;нет категории
кролик;г;нет категории
кролик тушка;г;нет категории
кролик филе;г;нет категории
кроличья печень;г;нет категории
круассаны;по вкусу;нет категории
крутоны мелкие;г;нет категории
крыжовник;г;нет категории
крыжовниковое варенье;банка;нет категории
кукуруза;г;нет категории
кукуруза замороженная;г;нет категории
кукуруза консервированная;г;нет категории
кукуруза обжаренная кикос;г;нет категории
кукурузная крупа;г;нет категории
кукурузная мука;г;нет категории
кукурузное масло;г;нет категории
кукурузные лепешки;шт.;нет категории
кукурузные палочки;г;нет категории
кукурузные хлопья;г;нет категории
кукурузные хлопья глазированные;г;нет категории
кукурузные чипсы;г;нет категории
кукурузный (золотой) сироп;г;нет категории
кукурузный крахмал;по вкусу;нет категории
кумин;г;приправы
кумкваты;горсть;нет категории
кунжут;г;нет категории
кунжутная мука;г;нет категории
кунжутная паста;г;нет категории
кунжутное масло;г;масла
кунжутные семечки;по вкусу;кондитерские изделия
кунжут черный;ч. л.;кондитерские изделия
купаты;шт.;мясные изделия
курага;по вкусу;сухофрукты
курдючное сало;г;мясные изделия
курдючный жир;г;мясные изделия
куриная ветчина;г;мясные изделия
куриная кожа;г;птица
куриная печень;г;птица
куриное карпаччо;г;мясные изделия
куриное филе;г;птица
куриные бедра;г;птица
куриные голени;г;птица
куриные голени копченые;шт.;птица
куриные грудки;г;птица
куриные грудки вареные;г;птица
куриные грудки копченые;г;птица
куриные желудочки;шт.;птица
куриные кости;г;птица
куриные крылья;г;птица
куриные окорочка;г;птица
куриные окорочка копченые;г;птица
куриные потрошки;г;птица
куриные сердечки;г;птица
куриный бульон;г;готовая кухня
куриный паштет;г;мясные изделия
куриный суповой набор;кг;птица
куриный фарш;г;птица
курица;г;птица
курица вареная;г;птица
курица для жарки;кг;птица
курица копченая;г;птица
курица тушка;г;птица
куркума;г;приправы
куропатки;г;птица
кускус;г;нет категории
кускус жемчужный;стакан;нет категории
кэроб;г;нет категории
лаванда;г;нет категории
лаванда сушеная;щепотка;нет категории
лавандовый краситель;ч. л.;нет категории
лаваш;по вкусу;хлебобулочные изделия
лаваш армянский;г;хлебобулочные изделия
лаваш персидский круглый;г;хлебобулочные изделия
лаваш тонкий;пласт;хлебобулочные изделия
лавровые листья свежие;шт.;приправы
лавровый лист;г;приправы
лайм;г;фрукты
лайм листья;шт.;зелень
лаймовая цедра;г;кондитерские изделия
лаймовый сок;г;соки
лангустины;шт.;морепродукты
лапша;г;макаронные изделия
лапша для лагмана;упаковка;макаронные изделия
лапша ширатаки;г;макаронные изделия
лапша яичная в гнездах;шт.;макаронные изделия
латук;г;нет категории
легкие;г;нет категории
лед;г;нет категории
леди-фиш тушка;шт.;нет категории
лемонграсс (лимонное сорго);г;нет категории
лен семена;г;нет категории
лепешки;г;нет категории
лепешки арабские;шт.;нет категории
лесные орехи;г;нет категории
лечо;г;нет категории
ливер;г;нет категории
ликер;г;алкогольные напитки
ликер Alchermes;г;алкогольные напитки
ликер Amaretto;г;алкогольные напитки
ликер Baileys;г;алкогольные напитки
ликер Cointreau;г;алкогольные напитки
ликер кремовый;г;алкогольные напитки
ликер сливочный;г;алкогольные напитки
лимонад;г;напитки
лимонная кислота;г;вкусовые добавки
лимонная цедра;г;кондитерские изделия
лимонник стебель;г;нет категории
лимонник ягоды;г;нет категории
лимонные корочки засахаренные;г;нет категории
лимонные цукаты;г;нет категории
лимонный сок;г;соки
лимонный уксус;г;приправы
лимонный экстракт;г;нет категории
лимончелло;г;нет категории
лимоны;г;нет категории
лимоны сушеные;;нет категории
лингвине;шт.;нет категории
лисички;г;нет категории
лисички сушеные;г;нет категории
личи;шт.;нет категории
личи компот;г;нет категории
лобстер;г;нет категории
лонган;г;нет категории
лонгконг;шт.;нет категории
лососевые молоки;г;рыба
лососевый фарш;г;рыба
лосось;г;рыба
лосось горячего копчения;г;рыба
лосось копченый;г;рыба
лосось свежесоленый;г;рыба
лосось свежий;г;рыба
лосось свежий филе;г;рыба
лосось слабосоленый;г;рыба
лосось стейки;г;рыба
лосось филе;г;рыба
лосось филе на коже;г;рыба
лосось холодного копчения;г;рыба
лосятина;кг;мясо
лук белый;по вкусу;овощи
лук зеленый;г;овощи
лук красный;по вкусу;овощи
лук маринованный;г;консервы
луковая шелуха;г;нет категории
луковый порошок;г;нет категории
лук-порей;горсть;нет категории
лук-резанец;по вкусу;нет категории
лук репчатый;г;нет категории
лук репчатый мелкий;г;нет категории
лук салатный;шт.;нет категории
лук сушеный;г;нет категории
лук-шалот;г;нет категории
лук-шалот красный;шт.;нет категории
льняная мука;г;нет категории
льняное масло;ч. л.;нет категории
льняное семя;г;нет категории
льняное семя молотое;г;нет категории
любисток;г;нет категории
маасдам;г;нет категории
мадера;г;нет категории
майонез;г;соусы
майонез домашний;г;соусы
майонез легкий;г;соусы
майонезный соус «Слобода» Постный;г;соусы
майонез оливковый;г;соусы
майонез «Слобода» Легкий;г;соусы
майонез «Слобода» На перепелиных яйцах;г;соусы
майонез «Слобода» Оливковый;г;соусы
майонез «Слобода» Провансаль;г;соусы
майонез «Слобода» С лимонным соком;г;соусы
майонез «Слобода» Сметанный;г;соусы
майоран;г;нет категории
майоран свежий;по вкусу;нет категории
майоран сушеный;г;нет категории
мак;г;кондитерские изделия
макаронные изделия;г;макаронные изделия
макаронные изделия мелкие;г;макаронные изделия
макароны;г;макаронные изделия
макароны-бабочки (farfalle);г;макаронные изделия
макароны-бабочки (farfalle) мини;г;макаронные изделия
макароны баветте;г;макаронные изделия
макароны-бантики;г;макаронные изделия
макароны букатини;г;макаронные изделия
макароны джильи;г;макаронные изделия
макароны диталони;г;макаронные изделия
макароны-звездочки;стакан;макаронные изделия
макароны орзо;г;макаронные изделия
макароны-ракушки (conchiglie);г;макаронные изделия
макароны-ракушки (conchiglie rigate);г;макаронные изделия
макароны-ракушки крупные;г;макаронные изделия
макароны рисони;г;макаронные изделия
макароны-рожки (pipe rigate);г;макаронные изделия
макароны-спиральки (fusilli);г;макаронные изделия
макароны-ушки (orecchiette);г;макаронные изделия
маккерончини;г;макаронные изделия
мак молотый;г;кондитерские изделия
маковая масса;пачка;кондитерские изделия
малина;г;фрукты
малина замороженная;г;замороженные продукты
малина протертая с сахаром;стакан;нет категории
малина сушеная;г;нет категории
малиновое варенье;г;нет категории
малиновое желе;г;нет категории
малиновое пюре;г;нет категории
малиновый джем;г;нет категории
малиновый крем;г;нет категории
малиновый сироп;ч. л.;нет категории
малиновый соус;ч. л.;нет категории
малиновый уксус;мл;нет категории
малиновый чай;г;нет категории
манго;по вкусу;фрукты
манговый сироп;мл;нет категории
манго консервированное;г;нет категории
мангольд;г;нет категории
мангустин;шт.;морепродукты
мандариновое пюре;г;консервы
мандариновые цукаты;г;кондитерские изделия
мандариновый сок;г;соки
мандарины;по вкусу;фрукты
мандарины в собственном соку;г;консервы
манная крупа;г;крупы
маракуйя;г;фрукты
маргарин;г;масла
маргарин сливочный;г;масла
мармелад;по вкусу;кондитерские изделия
мармелад бутербродный;г;нет категории
марсала;стакан;нет категории
мартини;г;нет категории
мартини красный;г;нет категории
марципан;по вкусу;нет категории
марципан зеленый;г;нет категории
марципан розовый;г;нет категории
маршмеллоу;г;нет категории
маршмеллоу крем;г;нет категории
маршмеллоу мини;г;нет категории
маскарпоне;г;нет категории
маслины;г;нет категории
маслины без косточек;г;нет категории
масло авокадо;г;нет категории
масло виноградных косточек;г;нет категории
масло грецкого ореха;ч. л.;нет категории
масло для фритюра;г;нет категории
масло кедрового ореха;г;нет категории
маслята;г;нет категории
мастика;г;нет категории
мастика желатиновая;г;нет категории
мастика шоколадная;г;нет категории
матча;г;нет категории
мафальдине;г;нет категории
маца;г;нет категории
мацони;г;нет категории
маш;г;нет категории
мед;г;нет категории
мед акации;г;нет категории
мед гречишный;г;нет категории
мед жидкий;г;нет категории
мед лавандовый;г;нет категории
мелисса;г;нет категории
меренги;шт.;нет категории
мидии;г;морепродукты
мидии в раковинах;г;морепродукты
мидии в раковинах крупные черные;г;морепродукты
мидии в раковинах мелкие зеленые;г;морепродукты
мидии замороженные;шт.;замороженные продукты
мидии копченые в масле;г;морепродукты
микрозелень;горсть;зелень
миндаль;г;нет категории
миндаль жареный;г;нет категории
миндаль измельченный;г;нет категории
миндальная масса;г;нет категории
миндальная мука;г;нет категории
миндальная паста;г;нет категории
миндальная эссенция;г;нет категории
миндальное масло;г;нет категории
миндальное молоко;г;нет категории
миндальное печенье;г;нет категории
миндальное пралине;г;нет категории
миндальные лепестки;г;нет категории
миндальный ликер;г;нет категории
миндальный сироп;г;нет категории
миндальный экстракт;капля;нет категории
миндаль очищенный;г;нет категории
миндаль рубленый;г;нет категории
мини-кукуруза;шт.;нет категории
минога;г;нет категории
минтай;г;рыба
минтай печень;г;рыба
минтай филе;г;рыба
мисо-паста;г;нет категории
мисо-суп;пакет;готовая кухня
можжевельник ягоды;г;фрукты
мойва;г;рыба
моллюски;г;морепродукты
молоко;г;молочные продукты
молоко 0.5%;г;молочные продукты
молоко 1.5%;г;молочные продукты
молоко 2.5%;г;молочные продукты
молоко 3.2%;г;молочные продукты
молоко 3.6%;г;молочные продукты
молоко 4%;г;молочные продукты
молоко 6%;г;молочные продукты
молоко козье;г;молочные продукты
молоко концентрированное;г;молочные продукты
молоко рисовое;мл;здоровое питание
молоко сгущенное;г;кондитерские изделия
молоко сгущенное вареное;ст. л.;кондитерские изделия
молоко сгущенное с какао;г;кондитерские изделия
молоко сухое;г;кондитерские изделия
молоко сухое обезжиренное;ст. л.;кондитерские изделия
молоко топленое;г;молочные продукты
молочная смесь;г;молочные продукты
молочные продукты;г;молочные продукты
морепродукты;шт.;морепродукты
морковное пюре;г;консервы
морковь;г;овощи
морковь вареная;г;готовая кухня
морковь крупная;г;овощи
морковь молодая;г;овощи
морковь по-корейски;г;готовая кухня
морковь тертая;шт.;овощи
мороженое;по вкусу;замороженные продукты
мороженое ванильное;г;замороженные продукты
мороженое клубничное;г;замороженные продукты
мороженое лимонное;по вкусу;замороженные продукты
мороженое малиновое;г;замороженные продукты
мороженое пломбир;г;замороженные продукты
мороженое шоколадное;мл;замороженные продукты
морошка;г;фрукты
морские гребешки;кг;морепродукты
морской коктейль;г;морепродукты
морской коктейль в масле;упаковка;морепродукты
морской коктейль замороженный;г;морепродукты
морской черт;г;морепродукты
морской язык;г;морепродукты
морской язык филе;г;морепродукты
мортаделла;г;молочные продукты
моцарелла;г;молочные продукты
моцарелла для запекания;г;молочные продукты
моцарелла для пиццы;г;молочные продукты
моцарелла мини;г;молочные продукты
моцарелла с травами;г;молочные продукты
моцарелла шарик большой;г;молочные продукты
мука;г;крупы
мука 1 сорт;г;крупы
мука 2 сорт;г;крупы
мука «Аладушкин»;г;крупы
мука грубого помола;г;крупы
мука для темпуры;г;крупы
мука из пророщенной пшеницы;ст. л.;крупы
мука манитоба;г;крупы
мука самоподнимающаяся;г;крупы
мука с отрубями;ч. л.;крупы
мука с семечками;г;крупы
мука хлебопекарная;г;крупы
мука цельнозерновая;г;крупы
мускат белый;мл;нет категории
мускатное вино;г;нет категории
мускатный орех;г;нет категории
мускатный орех молотый;г;нет категории
мюсли;г;нет категории
мягкий творог;г;молочные продукты
мясной бульон;г;готовая кухня
мясной фарш;г;мясо
мясо;г;мясо
мясо дикого кабана;г;мясо
мясо криля;г;мясо
мясо на косточке;кг;мясо
мята;г;зелень
мята сушеная;г;нет категории
мятный сироп;г;нет категории
мятный шнапс;г;нет категории
нардек;г;нет категории
нектарины;шт.;нет категории
нога ягненка без кости;г;нет категории
нори;г;нет категории
нуга;г;нет категории
нуга с орехами;г;нет категории
нут;г;нет категории
нутелла;г;нет категории
нут консервированный;г;нет категории
нутовая мука;г;нет категории
облепиха;г;фрукты
облепиха замороженная;г;замороженные продукты
облепиховый сироп;стакан;консервы
овощи;г;овощи
овощная смесь;г;овощи
овощная смесь замороженная;г;замороженные продукты
овощная смесь замороженная для wok;г;замороженные продукты
овощная смесь по-китайски;г;замороженные продукты
овощной бульон;по вкусу;нет категории
овсяная мука;г;нет категории
овсяное молоко;стакан;нет категории
овсяное печенье;г;нет категории
овсяное толокно;г;нет категории
овсяные зерна;г;нет категории
овсяные отруби;г;нет категории
овсяные хлопья;г;нет категории
овсяные хлопья быстрого приготовления;г;нет категории
огуречный рассол;стакан;нет категории
огурцы;г;овощи
огурцы консервированные;шт.;консервы
огурцы малосольные;шт.;соленья
огурцы маринованные;банка;консервы
огурцы свежие;г;овощи
огурцы соленые;г;соленья
одуванчики;г;нет категории
окорок;г;нет категории
окорок варено-копченый;г;нет категории
окунь;г;рыба
окунь красный филе;г;рыба
окунь морской;г;рыба
окунь морской филе;г;рыба
окунь филе;г;рыба
оленина;г;мясо
оливки;г;нет категории
оливки без косточек;г;нет категории
оливки зеленые;по вкусу;нет категории
оливки зеленые консервированные;банка;нет категории
оливки каламата;г;нет категории
оливки консервированные;г;нет категории
оливки фаршированные анчоусами;г;нет категории
оливки черные;по вкусу;нет категории
оливковая паста;г;нет категории
оливковое масло;г;нет категории
оливковое масло Extra Virgin;г;нет категории
опунция плоды;г;нет категории
опята;по вкусу;грибы
опята замороженные;г;замороженные продукты
опята маринованные;г;консервы
орегано;г;приправы
орегано свежий;г;зелень
орегано сушеный;г;приправы
орехи;г;орехи
орехи бразильские;г;орехи
орехи макадамия;г;орехи
орехи пекан;г;орехи
орехи пекан засахаренные;;орехи
орехи пинии;г;орехи
ореховая крошка;стакан;орехи
ореховая паста;шт.;консервы
ореховое масло;ст. л.;масла
ореховый ликер;мл;алкогольные напитки
ореховый соус;ст. л.;соусы
осетр;г;рыба
осетрина холодного копчения;г;рыба
осьминог;г;рыба
осьминоги консервированные;г;рыба
осьминоги мини;г;рыба
отруби;г;крупы
ошеек;г;нет категории
пагр;г;нет категории
пажитник;г;нет категории
пажитник семена;г;нет категории
палтус;г;нет категории
пальмовое масло;г;нет категории
пангасиус;г;нет категории
панеттоне;шт.;нет категории
Панифарин;г;нет категории
панчетта;г;нет категории
папайя;г;нет категории
папайя консервированная в собственном соку;г;нет категории
папоротник;г;нет категории
папоротник соленый;упаковка;нет категории
паппарделле;г;нет категории
паприка;г;приправы
паприка копченая;ст. л.;приправы
паприка красная;ст. л.;приправы
паприка красная молотая;г;приправы
паприка острая копченая;г;приправы
паприка сладкая;г;приправы
паприка сладкая копченая;г;приправы
паприка сладкая хлопьями;ч. л.;приправы
пармезан;г;молочные продукты
паста;г;нет категории
паста веджимайт;г;нет категории
паста тахини;г;нет категории
паста хариса;ст. л.;нет категории
пастернак;г;нет категории
пастила;г;нет категории
пастила виноградная;г;нет категории
патиссоны;г;нет категории
патока;г;нет категории
патока крахмальная;г;нет категории
патока черная (меласса);г;нет категории
пахта;г;нет категории
паштет;г;нет категории
пекарский порошок;г;нет категории
пекарский порошок;ч. л.;нет категории
пекорино;г;нет категории
пектин;г;нет категории
пеленгас;г;нет категории
пельмени;г;замороженные продукты
пенне;г;нет категории
пенне ригате;г;нет категории
пеперончино;ч. л.;нет категории
пеперончино молотый;щепотка;нет категории
переводной лист для шоколада;шт.;нет категории
перепелки;тушка;Птица
перец;г;овощи
перец белый;г;овощи
перец белый горошком;по вкусу;овощи
перец белый молотый;г;овощи
перец белый свежемолотый;ч. л.;овощи
перец болгарский;г;овощи
перец болгарский желтый;г;овощи
перец болгарский зеленый;г;овощи
перец болгарский красный;г;овощи
перец горошком;г;приправы
перец горошком смесь;г;приправы
перец душистый;щепотка;приправы
перец душистый горошком;г;приправы
перец душистый молотый;г;приправы
перец испанский острый;шт.;приправы
перец кайенский;г;приправы
перец кайенский красный;г;приправы
перец кайенский молотый;щепотка;приправы
перец красный;г;приправы
перец красный горошком;г;приправы
перец красный жгучий;г;приправы
перец красный молотый;г;приправы
перец красный острый;г;приправы
перец красный острый молотый;по вкусу;приправы
перец красный хлопьями;щепотка;приправы
перец лимонный;г;приправы
перец маринованный;г;приправы
перец острый;г;приправы
перец острый зеленый;шт.;приправы
перец острый молотый;щепотка;приправы
перец падрон;г;приправы
перец пеперони;г;приправы
перец пеперони красный;шт.;приправы
перец розовый горошком;г;приправы
перец свежемолотый смесь;г;приправы
перец сенегальский;по вкусу;приправы
перец сладкий;г;овощи
перец сладкий желтый;г;овощи
перец сладкий зеленый;г;овощи
перец сладкий красный;г;овощи
перец сладкий красный маринованный;шт.;овощи
перец сладкий красный молотый;г;овощи
перец сладкий оранжевый;г;овощи
перец сладкий сушеный;г;овощи
перец сычуаньский;г;овощи
перец халапеньо;г;овощи
перец халапеньо маринованный;шт.;консервы
перец черный;ст. л.;приправы
перец черный горошком;по вкусу;приправы
перец черный молотый;г;приправы
перец черный свежемолотый;г;приправы
перец чили;г;приправы
перец чили зеленый;стручок;приправы
перец чили красный;стручок;приправы
перец чили маринованный;по вкусу;приправы
перец чили молотый;г;приправы
перец чили сухой;ст. л.;приправы
перец чили хлопьями;по вкусу;приправы
перец ямайский;г;приправы
перловая крупа;г;крупы
перловая мука;г;крупы
персики;г;фрукты
персики консервированные;г;консервы
персики сушеные;горсть;сухофрукты
персиковое пюре;г;нет категории
персиковый джем;г;нет категории
персиковый мармелад;ст. л.;нет категории
персиковый сироп;мл;нет категории
персиковый сок;г;нет категории
перцовая паста;ч. л.;нет категории
петрушка;г;нет категории
петрушка зелень;г;нет категории
петрушка итальянская;пучок;нет категории
петрушка корень;г;нет категории
петрушка рубленая;г;нет категории
петрушка сушеная;г;нет категории
печень;г;нет категории
печенье;по вкусу;нет категории
печенье Oreo;г;нет категории
печенье Амаретти;г;нет категории
печенье бисквитное;г;нет категории
печенье галетное;шт.;нет категории
печенье «Дамские пальчики»;г;нет категории
печенье песочное;г;нет категории
печенье рассыпчатое;г;нет категории
печенье Савоярди;г;нет категории
печенье сахарное;г;нет категории
печенье сладкое;г;нет категории
печенье сухое;г;нет категории
печенье шоколадное;г;нет категории
печенье Юбилейное молочное;г;нет категории
пиво;г;алкогольные напитки
пиво имбирное;мл;алкогольные напитки
пиво нефильтрованное;г;алкогольные напитки
пиво светлое;г;алкогольные напитки
пиво темное;банка;алкогольные напитки
пикша;шт.;нет категории
питы;по вкусу;нет категории
повидло;г;нет категории
подсолнечное масло;г;нет категории
подсолнечные семечки;г;нет категории
полба;г;нет категории
полба недозрелая;г;нет категории
полента;по вкусу;нет категории
полента быстрого приготовления;стакан;нет категории
помело;г;фрукты
помидоры;г;овощи
помидоры бурые;г;овощи
помидоры вяленые;по вкусу;овощи
помидоры вяленые в масле;г;овощи
помидоры желтые;шт.;овощи
помидоры зеленые;кг;овощи
помидоры консервированные;г;овощи
помидоры консервированные в собственном соку;г;овощи
помидоры консервированные в собственном соку с базиликом;г;овощи
помидоры протертые пассата;г;овощи
помидоры соленые;шт.;овощи
помидоры сушеные хлопьями;г;овощи
помидоры черри;г;овощи
помидоры черри желтые;г;овощи
попкорн;г;нет категории
поросенок;кг;нет категории
портвейн;г;нет категории
портобелло;г;нет категории
портулак;г;нет категории
посыпка кондитерская;по вкусу;нет категории
почки;г;нет категории
приправа 4 перца;г;приправы
приправа 5 специй (five spice);ч. л.;приправы
приправа для баранины;ст. л.;приправы
приправа для картофеля;г;приправы
приправа для курицы;г;приправы
приправа для макарон;по вкусу;приправы
приправа для маринования свинины;по вкусу;приправы
приправа для морепродуктов;по вкусу;приправы
приправа для мяса;г;приправы
приправа для паэльи;по вкусу;приправы
приправа для пиццы;ч. л.;приправы
приправа для плова;г;приправы
приправа для птицы;ст. л.;приправы
приправа для рыбы;г;приправы
приправа для салатов;по вкусу;приправы
приправа заатар;ч. л.;приправы
приправа креольская;ст. л.;приправы
приправа с сушеными грибами;ч. л.;приправы
приправы;г;приправы
прованские травы;г;приправы
проволоне;г;нет категории
просекко;мл;нет категории
простокваша;г;нет категории
протеин сывороточный;г;нет категории
прошутто;г;нет категории
пряники;г;нет категории
пряничные специи;г;нет категории
пряности;г;нет категории
псиллиум;г;нет категории
птитим;г;нет категории
пудинг;г;нет категории
пудинг ванильный;г;нет категории
пудинг ванильный инстант;упаковка;нет категории
пудинг карамельный;г;нет категории
пшеница;г;нет категории
пшеничная крупа;г;нет категории
пшеничная мука;г;нет категории
пшеничная мука цельнозерновая;г;нет категории
пшеничные зародыши;стакан;нет категории
пшеничные отруби;г;нет категории
пшеничные ростки;г;нет категории
пшеничные хлопья;г;нет категории
пшенные хлопья;ст. л.;нет категории
пшено;г;нет категории
пыльца цветочная;г;нет категории
пюре;по вкусу;нет категории
радиккио;шт.;нет категории
разрыхлитель;г;нет категории
раки;шт.;нет категории
раковые шейки;г;нет категории
раковые шейки в рассоле;г;нет категории
рамбутан;г;нет категории
рапаны;г;нет категории
рапсовое масло;по вкусу;нет категории
рассол;г;нет категории
рассол от каперсов;ст. л.;нет категории
рассол от оливок;ст. л.;нет категории
растительное масло;г;нет категории
растительное масло для жарки;г;нет категории
растительное масло нерафинированное;стакан;нет категории
растительное масло рафинированное;г;нет категории
растительное молоко;стакан;нет категории
ревень;г;нет категории
реган;веточка;нет категории
редис;г;овощи
редька;г;овощи
редька белая;шт.;овощи
редька зеленая;шт.;овощи
редька черная;шт.;овощи
репа;г;овощи
репа белая;шт.;овощи
ржаная закваска;г;нет категории
ржаная закваска густая;г;нет категории
ржаная мука;г;нет категории
ржаные отруби;г;нет категории
ригатони;г;нет категории
рикотта;г;нет категории
рикотта твердая;г;нет категории
рис;г;крупы
рис арборио;г;крупы
рис басмати;г;крупы
рис бурый;г;крупы
рис бурый и дикий смесь;г;крупы
рис вареный;г;крупы
рис виола;г;крупы
рис девзира;г;крупы
рис дикий;г;крупы
рис дикий и золотистый смесь;г;крупы
рис длиннозерный;г;крупы
рис длиннозерный золотистый;г;крупы
рис для плова;г;крупы
рис для пудинга;г;крупы
рис для ризотто;г;крупы
рис для суши;г;крупы
рис жасминовый;г;крупы
рис золотистый;г;крупы
рис индика;г;крупы
рис италика;г;крупы
рис карнароли;г;крупы
рис красный;г;крупы
рис круглозерный;г;крупы
рис кубанский;г;крупы
рисовая бумага;г;японская кухня
рисовая лапша;г;макаронные изделия
рисовая мука;г;крупы
рисовое вино;ч. л.;алкогольные напитки
рисовые хлопья;г;крупы
рисовые шарики воздушные;г;готовая кухня
рисовый крахмал;ст. л.;кондитерские изделия
рисовый уксус;по вкусу;приправы
рис пропаренный;г;крупы
рис пропаренный и дикий смесь;г;крупы
рис японика;г;крупы
рожь;г;крупы
розмарин;шт.;приправы
розмарин сушеный;по вкусу;приправы
розовая вода;г;напитки
розовые бутоны сушеные;г;нет категории
розовые лепестки;г;нет категории
розы;г;нет категории
рокфор;г;нет категории
ром;бутылка;алкогольные напитки
ромашка сушеная;г;приправы
ромовый экстракт;ч. л.;алкогольные напитки
ром темный;г;алкогольные напитки
ростбиф;г;мясо
рукола;г;салат
рулька;по вкусу;мясные изделия
рыба;г;рыба
рыба белая;г;рыба
рыба белая филе;г;рыба
рыба консервированная;банка;рыба
рыба копченая;г;рыба
рыба копченая филе;г;рыба
рыба красная;г;рыба
рыба красная соленая;г;рыба
рыба красная филе;г;рыба
рыба-меч;г;рыба
рыба морская;г;рыба
рыба солнечник филе;шт.;рыба
рыба-соль;тушка;рыба
рыбное филе;г;консервы
рыбные консервы;г;консервы
рыбные кости;г;консервы
рыбные обрезки- головы и плавники;по вкусу;рыба
рыбный бульон;г;готовая кухня
рыбный соус;г;соусы
рыбный соус Nam Pla;г;соусы
рыбный соус тайский;г;соусы
рыбный фарш;г;рыба
рябина черноплодная;г;фрукты
рябчик;г;нет категории
ряженка;г;молочные продукты
ряженка 4%;г;молочные продукты
сайда;г;рыба
сайда филе;г;рыба
сайра;г;рыба
сайра консервированная;банка;рыба
саке;ст. л.;алкогольные напитки
салака;г;рыба
салат;г;салат
салат айсберг;г;салат
салат китайский;г;салат
салат корн;пучок;салат
салат кочанный;г;салат
салат кучерявый;г;салат
салат листовой;г;салат
салатный микс;г;салат
салат романо;г;салат
салат фриссе;г;салат
сало;г;мясные изделия
сало копченое в перце;г;мясные изделия
сало копченое с мясными прослойками;г;мясные изделия
сало с мясными прослойками;г;мясные изделия
сальник;г;мясные изделия
сальса;г;соусы
сальса верде;ч. л.;мясные изделия
салями;г;мясные изделия
салями итальянская;г;мясные изделия
сардельки;г;мясные изделия
сардельки копченые;г;мясные изделия
сардинки маленькие;шт.;мясные изделия
сардины;г;рыба
сардины в масле;банка;консервы
сахар;г;кондитерские изделия
сахар ванильный;г;кондитерские изделия
сахар демерара;г;кондитерские изделия
сахар жемчужный;г;кондитерские изделия
сахар коричневый;г;кондитерские изделия
сахар коричневый крупнокристаллический;г;кондитерские изделия
сахар мусковадо;горсть;кондитерские изделия
сахарная пудра;г;кондитерские изделия
сахарная пудра апельсиновая;г;кондитерские изделия
сахарная пудра ванильная;г;кондитерские изделия
сахарные жемчужинки;г;кондитерские изделия
сахарные кондитерские украшения;горсть;кондитерские изделия
сахарный песок;г;кондитерские изделия
сахарный песок крупный;г;кондитерские изделия
сахарный песок мелкий;г;кондитерские изделия
сахарный сироп;г;кондитерские изделия
сахар пальмовый;г;кондитерские изделия
сахар-рафинад;г;кондитерские изделия
сахар-рафинад с корицей;г;кондитерские изделия
сахар тростниковый;г;кондитерские изделия
сванская соль;г;приправы
свекла;г;овощи
свекла вареная;г;овощи
свекольная ботва;г;зелень
свекольные листья;г;зелень
свиная вырезка;г;мясо
свиная голова;г;мясо
свиная грудинка;г;мясо
свиная корейка;г;мясо
свиная корейка копченая;г;мясо
свиная корейка на кости;г;мясо
свиная лопатка варено-копченая;г;мясо
свиная мякоть;г;мясо
свиная пашина;кг;мясо
свиная печень;г;мясо
свиная рулька;по вкусу;мясо
свиная рулька варено-копченая;г;мясо
свиная рулька копченая;г;мясо
свиная шейка;кусок;мясо
свинина;г;мясо
свинина вареная;г;мясо
свинина нежирная;г;мясо
свинина с жирком;г;мясо
свиное сердце;г;мясо
свиное филе;г;мясо
свиной подчеревок;г;мясо
свиной фарш;г;мясо
свиной язык;г;мясо
свиные котлеты на косточке;шт.;мясо
свиные легкие;г;мясо
свиные ножки;г;мясо
свиные отбивные;г;мясо
свиные отбивные на косточке;г;мясо
свиные ребра;г;мясо
свиные уши;шт.;мясо
свиные щечки;шт.;мясо
свити;г;нет категории
сельдерей;г;нет категории
сельдерей зелень;г;нет категории
сельдерей корень;г;нет категории
сельдерей корень сушеный;по вкусу;нет категории
сельдерейная соль;г;нет категории
сельдерей семена;ч. л.;нет категории
сельдерей стебли;г;нет категории
сельдь;г;нет категории
сельдь слабосоленая;г;нет категории
сельдь соленая;шт.;нет категории
сельдь филе;г;нет категории
семга;г;нет категории
семга копченая;г;нет категории
семга свежая;г;нет категории
семга соленая;г;нет категории
семга филе на коже;г;нет категории
семечки;г;нет категории
семечки смесь;ст. л.;нет категории
семолина;г;нет категории
сервелат варено-копченый;г;нет категории
сибас;г;рыба
сидр;г;алкогольные напитки
сироп;г;консервы
сироп от консервированных груш;г;консервы
сироп от консервированных персиков;ст. л.;консервы
сироп топинамбура;стакан;консервы
скумбрия;по вкусу;рыба
скумбрия свежая;г;рыба
скумбрия филе;г;рыба
скумбрия холодного копчения;г;рыба
сливки;упаковка;молочные продукты
сливки 10-20%;г;молочные продукты
сливки 15%;г;молочные продукты
сливки 20%;г;молочные продукты
сливки 33-35%;г;молочные продукты
сливки жирные;г;молочные продукты
сливки кондитерские;г;молочные продукты
сливовая паста;г;нет категории
сливовое варенье;г;нет категории
сливовое вино;г;нет категории
сливовый джем;г;нет категории
сливовый ликер;ст. л.;нет категории
сливовый соус;г;нет категории
сливочное масло;г;нет категории
сливы;кг;нет категории
сливы замороженные;г;нет категории
смалец;г;нет категории
смесь для кекса;шт.;нет категории
смесь для оладий;г;нет категории
смесь для хлеба 8 злаков;г;нет категории
сметана;г;молочные продукты
сметана 10%;г;молочные продукты
сметана 15%;ч. л.;молочные продукты
сметана 18%;г;молочные продукты
сметана 20%;г;молочные продукты
сметана 25%;г;молочные продукты
сметана 30%;г;молочные продукты
сметана 35%;г;молочные продукты
сметана жирная;г;молочные продукты
сметана нежирная;г;молочные продукты
сметана некислая;г;молочные продукты
смородина сушеная;г;сухофрукты
смородиновые листья;г;нет категории
сморчки сухие;г;нет категории
снежок;л;нет категории
сныть;г;нет категории
сода;г;нет категории
соевая мука;г;нет категории
соевое масло;г;нет категории
соевое молоко;г;нет категории
соевые ростки;г;нет категории
соевый соус;г;соусы
сок;г;соки
сок из красных апельсинов;мл;соки
сок мультивитаминный;мл;соки
сок юзу;мл;соки
солод;ч. л.;нет категории
солод жидкий;г;нет категории
солодовый экстракт;г;нет категории
солод темный;г;нет категории
соломка;г;нет категории
соль;г;приправы
соль гималайская;г;приправы
соль крупного помола;г;приправы
соль морская;г;приправы
сом филе;г;рыба
сосиски;г;мясные изделия
сосиски из куриного фарша;шт.;мясные изделия
сосиски копченые;г;мясные изделия
соус;г;соусы
соус black bean;ст. л.;соусы
соус sambal oelek;ч. л.;соусы
соус барбекю;г;соусы
соус краснодарский;г;соусы
соус красный острый;г;соусы
соус мирин;по вкусу;соусы
соус наршараб;г;соусы
соус острый;г;соусы
соус песто;по вкусу;соусы
соус сацебели;г;соусы
соус табаско;капля;соусы
соус терияки;г;соусы
соус ткемали;стакан;соусы
соус ткемали благородный;г;соусы
соус ткемали ранний;ст. л.;соусы
соус устричный;ч. л.;соусы
соус чили;г;соусы
соус чили сладкий;ч. л.;соусы
соус экзотический;г;соусы
соя;г;соусы
спагетти;г;макаронные изделия
спагетти № 3;г;макаронные изделия
спагетти № 5;г;макаронные изделия
спагетти лунги;г;макаронные изделия
спаржа;кг;зелень
спаржа белая;г;зелень
спаржа зеленая;г;зелень
спаржа молодая;г;зелень
спек;г;нет категории
спельта;стакан;нет категории
спельтовая (полбяная) мука;г;нет категории
специи;г;нет категории
спирт;г;нет категории
спирулина порошок;г;нет категории
спред;г;нет категории
ставрида;г;рыба
стейк семги;шт.;рыба
стейк семги;г;рыба
стеклянная лапша;г;макаронные изделия
страчателла;г;нет категории
судак;г;рыба
судак филе;г;рыба
судак филе на коже;г;рыба
сулугуни;г;молочные продукты
сулугуни копченый;г;молочные продукты
сумах;г;нет категории
суповой набор;г;нет категории
сухари;по вкусу;нет категории
сухари белые;г;нет категории
сухари молотые;г;нет категории
сухари панировочные;г;нет категории
сухари ржаные;г;нет категории
сухарная крошка;г;нет категории
сухофрукты;г;нет категории
сухофрукты тропические;по вкусу;нет категории
сушки;г;нет категории
сыворотка;г;нет категории
сыр;г;молочные продукты
сыр tete de moine;г;молочные продукты
сыр Австрия блю;г;молочные продукты
сыр адыгейский;г;молочные продукты
сыр бри;г;молочные продукты
сыр буко;г;молочные продукты
сыр гауда;г;молочные продукты
сыр гойя;г;молочные продукты
сыр голландский;г;молочные продукты
сыр голубой;г;молочные продукты
сыр гравьера;г;молочные продукты
сыр джугас;г;молочные продукты
сыр домашний;г;молочные продукты
сыр дорблю;г;молочные продукты
сыр имеретинский;г;молочные продукты
сыр кефалотири;г;молочные продукты
сырки творожные;г;молочные продукты
сыр козий мягкий;г;молочные продукты
сыр козий твердый;г;молочные продукты
сыр колбасный;г;молочные продукты
сыр копченый;г;молочные продукты
сыр коттедж;г;молочные продукты
сыр Маскарпоне;г;молочные продукты
сыр мраморный;г;молочные продукты
сыр мягкий;по вкусу;молочные продукты
сыр овечий;г;молочные продукты
сыр панир;г;молочные продукты
сыр пеше миньон;г;молочные продукты
сыр плавленый;г;молочные продукты
сыр плавленый шоколадный;г;молочные продукты
сыр пластинками;г;молочные продукты
сыр полутвердый;г;молочные продукты
сыр провола;г;молочные продукты
сыр российский;г;молочные продукты
сыр скаморца;г;молочные продукты
сыр скаморца копченый;г;молочные продукты
сыр сливочный;г;молочные продукты
сыр с плесенью;г;молочные продукты
сыр с плесенью мягкий;г;молочные продукты
сыр твердый;г;молочные продукты
сыр филадельфия;г;молочные продукты
сыр фонтина;г;молочные продукты
сыр хаварти;г;молочные продукты
сыр швейцарский;г;молочные продукты
сычужный фермент;ч. л.;молочные продукты
таледжо;г;нет категории
тальолини;г;нет категории
тальятелле;г;нет категории
тальятелле-гнезда;шт.;нет категории
тамаринд;шт.;нет категории
тамариндовая паста;ч. л.;нет категории
тапиока;г;нет категории
тарталетки;по вкусу;нет категории
тартар;ст. л.;нет категории
тархун;г;нет категории
творог;г;молочные продукты
творог 18%;г;молочные продукты
творог 2%;г;молочные продукты
творог 5%;г;молочные продукты
творог 9%;г;молочные продукты
творог жирный;г;молочные продукты
творог зерненый;г;молочные продукты
творог обезжиренный;г;молочные продукты
творожная масса;г;молочные продукты
творожная паста;г;молочные продукты
творожный сыр;г;молочные продукты
творожный сыр соленый;г;молочные продукты
творожок клубничный;г;молочные продукты
текила;стакан;алкогольные напитки
телятина;по вкусу;мясо
телятина вареная;г;мясо
телячий фарш;г;мясо
телячьи отбивные на косточке;шт.;мясо
телячьи шницели;шт.;мясо
телячьи эскалопы;г;мясо
телячья вырезка;г;мясо
телячья печень;г;мясо
телячья щека;шт.;мясо
тесто бездрожжевое;г;кондитерские изделия
тесто готовое;г;кондитерские изделия
тесто для вонтонов;г;кондитерские изделия
тесто для пиццы;шт.;кондитерские изделия
тесто дрожжевое;по вкусу;кондитерские изделия
тесто катаифи;г;кондитерские изделия
тесто макаронное;г;кондитерские изделия
тесто макаронное для лазаньи;г;кондитерские изделия
тесто пельменное;г;кондитерские изделия
тесто песочное;по вкусу;кондитерские изделия
тесто пресное;г;кондитерские изделия
тесто пряничное;г;кондитерские изделия
тесто слоеное;г;кондитерские изделия
тесто слоеное бездрожжевое;по вкусу;кондитерские изделия
тесто слоеное дрожжевое;кг;кондитерские изделия
тесто фило;г;кондитерские изделия
тилапия;г;рыба
тилапия филе;г;рыба
тильзитер;г;молочные продукты
тимьян;горсть;приправы
тимьян лимонный;веточка;приправы
тимьян свежий;по вкусу;приправы
тимьян сушеный;г;приправы
ткемали;г;приправы
тмин;г;приправы
тмин молотый;г;приправы
томатная паста;г;консервы
томатное пюре;г;консервы
томатный концентрат;г;консервы
томатный порошок;г;приправы
томатный сок;г;соки
томатный соус;г;соусы
томатный соус итальянский;г;соусы
томатный соус острый;г;соусы
томатный соус с базиликом;г;соусы
тоник;бутылка;напитки
топинамбур;г;овощи
топленое масло;г;масла
тортильи;по вкусу;нет категории
тортильони;г;нет категории
тофу;г;нет категории
травы ароматные;г;нет категории
травы пряные с перцем;ч. л.;нет категории
травы сухие;г;нет категории
треска;г;рыба
треска печень;г;рыба
треска филе;г;рыба
трюфель;г;грибы
трюфельная крошка;г;нет категории
трюфельное масло;ст. л.;нет категории
трюфель черный;шт.;нет категории
тунец;по вкусу;рыба
тунец консервированный;г;консервы
тунец филе;г;рыба
тушенка;г;мясные изделия
тыква;г;овощи
тыквенное масло;шт.;масла
тыквенное пюре;г;нет категории
тыквенные семечки;г;нет категории
тюлька свежая;г;нет категории
угорь;г;нет категории
угорь копченый;г;нет категории
угурт;г;нет категории
укроп;г;нет категории
укропное семя;ч. л.;нет категории
укроп свежий;г;нет категории
укроп сушеный;г;нет категории
уксус;г;нет категории
уксус 9%;г;нет категории
уксус из сидра;ст. л.;нет категории
уксусная эссенция;г;нет категории
уксус столовый;г;нет категории
улитки;г;нет категории
улитки виноградные;шт.;нет категории
урюк;г;нет категории
устрицы;г;молочные продукты
утиная грудка;г;птица
утиная печень;г;птица
утиное филе;г;птица
утиные бедрышки;г;птица
утиные ножки;по вкусу;птица
утка;по вкусу;птица
утка печеная;г;птица
утка тушка;тушка;птица
уцхо-сунели;г;нет категории
фазан;г;птица
фарш (баранина и говядина);г;мясо
фарш (свинина и курица);г;мясо
фасоль;г;крупы
фасоль белая;г;крупы
фасоль белая консервированная;г;крупы
фасоль белая лима;г;крупы
фасоль зеленая стручковая;г;крупы
фасоль кенийская;горсть;крупы
фасоль кидни красная;г;крупы
фасоль консервированная;г;крупы
фасоль красная;г;крупы
фасоль красная вареная;стакан;крупы
фасоль красная консервированная;г;крупы
фасоль молодая замороженная;г;крупы
фасоль пинто;г;крупы
фасоль спаржевая вареная;г;крупы
фасоль стручковая;г;крупы
фасоль стручковая замороженная;г;крупы
фасоль стручковая консервированная;г;крупы
фасоль черный глаз;г;крупы
фейхоа;г;нет категории
фенхель;г;нет категории
фенхель семена;г;нет категории
фенхель семена молотые;г;нет категории
фестонате;г;нет категории
фета;г;нет категории
фетаки;г;нет категории
фетакса;г;нет категории
феттучине;г;нет категории
фиалки засахаренные;шт.;нет категории
фиалковый сироп;г;нет категории
физалис;по вкусу;нет категории
филе красного окуня;шт.;нет категории
филе лосося;г;нет категории
филе палтуса;шт.;нет категории
финики;г;нет категории
финики без косточек;стакан;нет категории
финики иранские;г;нет категории
финики иранские без косточек;шт.;нет категории
фисташки;г;нет категории
фисташки очищенные;г;нет категории
фисташки очищенные несоленые;горсть;нет категории
фисташки рубленые;г;нет категории
фисташковая мука;г;нет категории
фисташковая паста;г;нет категории
фисташковое масло;г;нет категории
фокачча;по вкусу;нет категории
форель;г;рыба
форель вареная;г;рыба
форель горячего копчения;г;рыба
форель озерная свежая;шт.;рыба
форель слабосоленая;г;рыба
форель слабосоленая;г;рыба
форель стейки;шт.;рыба
форель филе;г;рыба
форель холодного копчения;г;рыба
фрикадельки;г;мясные изделия
фрукт дракона;шт.;фрукты
фруктовый сироп;г;консервы
фруктовый сок;г;соки
фруктовый сок без сахара;стакан;соки
фруктоза;г;кондитерские изделия
фрукты;г;фрукты
фрукты консервированные;г;консервы
фундук;г;
фундучная мука;г;
фунчоза;г;
халва;г;
халва ванильная;г;
халва подсолнечная;г;
халуми;г;
хамон;г;
хек;г;
хек филе;г;
херес;стакан;
хересный уксус;ч. л.;
хлеб;г;хлебобулочные изделия
хлеб 7 злаков;батон;хлебобулочные изделия
хлеб белый;г;хлебобулочные изделия
хлеб белый сухой;г;хлебобулочные изделия
хлеб бородинский;кусок;хлебобулочные изделия
хлеб датский ржаной;г;хлебобулочные изделия
хлеб для сэндвичей;г;хлебобулочные изделия
хлебная крошка;г;хлебобулочные изделия
хлеб ржаной;г;хлебобулочные изделия
хлеб серый;г;хлебобулочные изделия
хлеб с кунжутом;кусок;хлебобулочные изделия
хлеб цельнозерновой;г;хлебобулочные изделия
хлебцы пшенично-ржаные цельнозерновые;г;хлебобулочные изделия
хлопья 4 злака;г;крупы
хлопья 5 злаков;г;крупы
хлопья 7 злаков;ст. л.;крупы
хлопья быстрого приготовления;стакан;крупы
хлорид кальция;г;нет категории
хмели-сунели;г;нет категории
хмель;ст. л.;нет категории
хрен;г;нет категории
хрен протертый;г;нет категории
хрен со сливками;г;нет категории
хурма;г;нет категории
хурма спелая;г;нет категории
цесарка тушка;г;нет категории
цикорий;ч. л.;нет категории
цитроновые цукаты;горсть;нет категории
цитрусовые цукаты;шт.;нет категории
цитрусовый свежевыжатый сок;мл;нет категории
цукаты;г;нет категории
цукини;г;нет категории
цукини цветы;шт.;нет категории
цыплята;г;нет категории
цыплята-корнишоны;шт.;нет категории
чабер;г;нет категории
чабрец;г;нет категории
чабрец сушеный;г;нет категории
чай дарджилинг;пакетик;нет категории
чай жасминовый;ст. л.;нет категории
чай зеленый;пакетик;нет категории
чай копченый лапсанг сушонг;г;нет категории
чай красный;г;нет категории
чай ройбуш;ст. л.;нет категории
чай черный;г;нет категории
чай черный крупнолистовой;ч. л.;нет категории
чай черный со специями;пакет;нет категории
чай эрл грей;стакан;нет категории
чатни манго;г;нет категории
чеддер;г;нет категории
черемуха;г;нет категории
черемуховая мука;г;нет категории
черемша;г;нет категории
черешневый джем;г;нет категории
черешня;г;нет категории
черешня консервированная без косточек;ст. л.;нет категории
черная смородина;г;нет категории
черника;г;нет категории
черника замороженная;г;нет категории
чернила каракатицы;г;нет категории
черничный джем;стакан;нет категории
чернослив;г;нет категории
чернослив без косточек;г;нет категории
чернослив вяленый;г;нет категории
чернослив копченый без косточек;г;нет категории
черносмородиновое варенье;г;нет категории
черносмородиновый джем;г;нет категории
чеснок;г;нет категории
чеснок молодой;г;нет категории
чеснок сушеный;г;нет категории
чесночная соль;щепотка;нет категории
чесночное масло;по вкусу;нет категории
чесночный порошок;г;нет категории
чечевица;г;нет категории
чечевица вареная;ст. л.;нет категории
чечевица зеленая;г;нет категории
чечевица красная;г;нет категории
чечил спагетти;г;нет категории
чиабатта;кусок;нет категории
чиа семена;г;нет категории
чипотле молотый;щепотка;нет категории
чипсы;г;нет категории
чоризо;г;нет категории
шалфей;г;нет категории
шалфей свежий;пучок;нет категории
шалфей сушеный;лист;нет категории
шампанское;г;нет категории
шампанское советское;стакан;нет категории
шампанское сухое;ст. л.;нет категории
шампиньоны;по вкусу;грибы
шампиньоны замороженные;г;грибы
шампиньоны консервированные;г;грибы
шампиньоны маринованные;г;грибы
шампиньоны свежие;г;грибы
шафран;г;приправы
шафран имеретинский;г;приправы
шафран молотый;ч. л.;приправы
шафран нити;шт.;приправы
шелковица;г;нет категории
шелковица сушеная;г;нет категории
шиповник;г;нет категории
шиповниковый сироп;г;нет категории
шнапс;г;нет категории
шнитт-лук;стебель;нет категории
шоколад;г;шоколадные изделия
шоколад белый;г;шоколадные изделия
шоколад горький с апельсиновой цедрой;г;шоколадные изделия
шоколад молочный;г;шоколадные изделия
шоколад мятный;г;шоколадные изделия
шоколадная паста;г;шоколадные изделия
шоколадная стружка;г;шоколадные изделия
шоколадное масло;г;шоколадные изделия
шоколадно-ореховая паста;г;шоколадные изделия
шоколадные горошины;г;шоколадные изделия
шоколадные капли;г;шоколадные изделия
шоколадные капли белые;г;шоколадные изделия
шоколадные конфеты;г;шоколадные изделия
шоколадные хлопья;г;шоколадные изделия
шоколадные шарики из готовых завтраков;горсть;шоколадные изделия
шоколадный ликер;г;шоколадные изделия
шоколадный сироп;г;шоколадные изделия
шоколадный соус;г;шоколадные изделия
шоколад полусладкий;г;шоколадные изделия
шоколад с орехами;г;шоколадные изделия
шоколад черный горький;г;шоколадные изделия
шоколад черный горький 70%;г;шоколадные изделия
шоколад черный горький 75%;ч. л.;шоколадные изделия
шоколад черный горький 85%;г;шоколадные изделия
шортенинг;стакан;нет категории
шпик;шт.;мясные изделия
шпик копченый;г;мясные изделия
шпинат;г;нет категории
шпинат замороженный;г;нет категории
шпинат молодой;г;нет категории
шпинат свежий;г;нет категории
шпроты;г;нет категории
шпроты в масле;г;нет категории
шрот;г;нет категории
щавель замороженный;г;нет категории
щавель свежий;веточка;зелень
щука;г;рыба
щука филе;г;рыба
эгг-ног;стакан;рыба
эдам;г;рыба
эль;мл;рыба
эмменталь;г;рыба
эскалоп;г;рыба
эстрагон;г;рыба
эстрагон сушеный;веточка;рыба
яблоки;г;фрукты
яблоки антоновка;кг;фрукты
яблоки гала;г;фрукты
яблоки голден;г;фрукты
яблоки гренни смит;кг;фрукты
яблоки зеленые;г;фрукты
яблоки красные;шт.;фрукты
яблоки моченые;шт.;фрукты
яблоки нетвердых сортов;г;фрукты
яблоки сладкие;г;фрукты
яблоки сушеные;г;сухофрукты
яблочная эссенция;ч. л.;нет категории
яблочное варенье;г;консервы
яблочное повидло;г;консервы
яблочное пюре;г;консервы
яблочные чипсы;стакан;сухофрукты
яблочный джем;г;консервы
яблочный сироп;ст. л.;консервы
яблочный сок;г;соки
яблочный соус;ст. л.;соусы
яблочный уксус;г;приправы
ягнятина;г;мясо
ягнятина кострец;г;мясо
ягнятина фарш;г;мясо
ягнячьи отбивные на косточке;шт.;мясо
ягнячья голень нарубленная;г;мясо
ягнячья корейка;г;мясо
ягодное варенье;ст. л.;консервы
ягодное желе;г;консервы
ягодный сироп;г;консервы
ягодный сок;г;соки
ягодный соус кислый;г;соусы
ягоды;г;фрукты
ягоды вяленые;по вкусу;сухофрукты
ягоды замороженные;г;замороженные продукты
ягоды лесные;г;здоровое питание
ягоды лесные замороженные;г;замороженные продукты
яичные белки;г;яйцо
яичные желтки;г;яйцо
яичные желтки вареные;шт.;яйцо
яичные желтки крупные;г;яйцо
яичный меланж;г;яйцо
яичный порошок;ст. л.;яйцо
яйца куриные;г;яйцо
яйца куриные крупные;г;яйцо
яйца перепелиные;г;яйцо
японская крошка панко;г;крупы
ячменные хлопья;г;крупы
ячмень;г;крупы
ячневая крупа;г;крупы